province;red;green;blue;name;x
1;1;0;0;PROV1;x
2;2;0;0;PROV2;
3;3;0;0;PROV3;
4;4;0;0;PROV4;
5;5;0;0;PROV5;
6;6;0;0;PROV6;
7;7;0;0;PROV7;
8;8;0;0;PROV8;
9;9;0;0;PROV9;
10;10;0;0;PROV10;
11;11;0;0;PROV11;
12;12;0;0;PROV12;
13;13;0;0;PROV13;
14;14;0;0;PROV14;
15;15;0;0;PROV15;
16;16;0;0;PROV16;
17;17;0;0;PROV17;
18;18;0;0;PROV18;
19;19;0;0;PROV19;
20;20;0;0;PROV20;
21;21;0;0;PROV21;
22;22;0;0;PROV22;
23;23;0;0;PROV23;
24;24;0;0;PROV24;
25;25;0;0;PROV25;
26;26;0;0;PROV26;
27;27;0;0;PROV27;
28;28;0;0;PROV28;
29;29;0;0;PROV29;
30;30;0;0;PROV30;
31;31;0;0;PROV31;
32;32;0;0;PROV32;
33;33;0;0;PROV33;
34;34;0;0;PROV34;
35;35;0;0;PROV35;
36;36;0;0;PROV36;
37;37;0;0;PROV37;
38;38;0;0;PROV38;
39;39;0;0;PROV39;
40;40;0;0;PROV40;
41;41;0;0;PROV41;
42;42;0;0;PROV42;
43;43;0;0;PROV43;
44;44;0;0;PROV44;
45;45;0;0;PROV45;
46;46;0;0;PROV46;
47;47;0;0;PROV47;
48;48;0;0;PROV48;
49;49;0;0;PROV49;
50;50;0;0;PROV50;
51;51;0;0;PROV51;
52;52;0;0;PROV52;
53;53;0;0;PROV53;
54;54;0;0;PROV54;
55;55;0;0;PROV55;
56;56;0;0;PROV56;
57;57;0;0;PROV57;
58;58;0;0;PROV58;
59;59;0;0;PROV59;
60;60;0;0;PROV60;
61;61;0;0;PROV61;
62;62;0;0;PROV62;
63;63;0;0;PROV63;
64;64;0;0;PROV64;
65;65;0;0;PROV65;
66;66;0;0;PROV66;
67;67;0;0;PROV67;
68;68;0;0;PROV68;
69;69;0;0;PROV69;
70;70;0;0;PROV70;
71;71;0;0;PROV71;
72;72;0;0;PROV72;
73;73;0;0;PROV73;
74;74;0;0;PROV74;
75;75;0;0;PROV75;
76;76;0;0;PROV76;
77;77;0;0;PROV77;
78;78;0;0;PROV78;
79;79;0;0;PROV79;
80;80;0;0;PROV80;
81;81;0;0;PROV81;
82;82;0;0;PROV82;
83;83;0;0;PROV83;
84;84;0;0;PROV84;
85;85;0;0;PROV85;
86;86;0;0;PROV86;
87;87;0;0;PROV87;
88;88;0;0;PROV88;
89;89;0;0;PROV89;
90;90;0;0;PROV90;
91;91;0;0;PROV91;
92;92;0;0;PROV92;
93;93;0;0;PROV93;
94;94;0;0;PROV94;
95;95;0;0;PROV95;
96;96;0;0;PROV96;
97;97;0;0;PROV97;
98;98;0;0;PROV98;
99;99;0;0;PROV99;
100;100;0;0;PROV100;
101;101;0;0;PROV101;
102;102;0;0;PROV102;
103;103;0;0;PROV103;
104;104;0;0;PROV104;
105;105;0;0;PROV105;
106;106;0;0;PROV106;
107;107;0;0;PROV107;
108;108;0;0;PROV108;
109;109;0;0;PROV109;
110;110;0;0;PROV110;
111;111;0;0;PROV111;
112;112;0;0;PROV112;
113;113;0;0;PROV113;
114;114;0;0;PROV114;
115;115;0;0;PROV115;
116;116;0;0;PROV116;
117;117;0;0;PROV117;
118;118;0;0;PROV118;
119;119;0;0;PROV119;
120;120;0;0;PROV120;
121;121;0;0;PROV121;
122;122;0;0;PROV122;
123;123;0;0;PROV123;
124;124;0;0;PROV124;
125;125;0;0;PROV125;
126;126;0;0;PROV126;
127;127;0;0;PROV127;
128;128;0;0;PROV128;
129;129;0;0;PROV129;
130;130;0;0;PROV130;
131;131;0;0;PROV131;
132;132;0;0;PROV132;
133;133;0;0;PROV133;
134;134;0;0;PROV134;
135;135;0;0;PROV135;
136;136;0;0;PROV136;
137;137;0;0;PROV137;
138;138;0;0;PROV138;
139;139;0;0;PROV139;
140;140;0;0;PROV140;
141;141;0;0;PROV141;
142;142;0;0;PROV142;
143;143;0;0;PROV143;
144;144;0;0;PROV144;
145;145;0;0;PROV145;
146;146;0;0;PROV146;
147;147;0;0;PROV147;
148;148;0;0;PROV148;
149;149;0;0;PROV149;
150;150;0;0;PROV150;
151;151;0;0;PROV151;
152;152;0;0;PROV152;
153;153;0;0;PROV153;
154;154;0;0;PROV154;
155;155;0;0;PROV155;
156;156;0;0;PROV156;
157;157;0;0;PROV157;
158;158;0;0;PROV158;
159;159;0;0;PROV159;
160;160;0;0;PROV160;
161;161;0;0;PROV161;
162;162;0;0;PROV162;
163;163;0;0;PROV163;
164;164;0;0;PROV164;
165;165;0;0;PROV165;
166;166;0;0;PROV166;
167;167;0;0;PROV167;
168;168;0;0;PROV168;
169;169;0;0;PROV169;
170;170;0;0;PROV170;
171;171;0;0;PROV171;
172;172;0;0;PROV172;
173;173;0;0;PROV173;
174;174;0;0;PROV174;
175;175;0;0;PROV175;
176;176;0;0;PROV176;
177;177;0;0;PROV177;
178;178;0;0;PROV178;
179;179;0;0;PROV179;
180;180;0;0;PROV180;
181;181;0;0;PROV181;
182;182;0;0;PROV182;
183;183;0;0;PROV183;
184;184;0;0;PROV184;
185;185;0;0;PROV185;
186;186;0;0;PROV186;
187;187;0;0;PROV187;
188;188;0;0;PROV188;
189;189;0;0;PROV189;
190;190;0;0;PROV190;
191;191;0;0;PROV191;
192;192;0;0;PROV192;
193;193;0;0;PROV193;
194;194;0;0;PROV194;
195;195;0;0;PROV195;
196;196;0;0;PROV196;
197;197;0;0;PROV197;
198;198;0;0;PROV198;
199;199;0;0;PROV199;
200;200;0;0;PROV200;
201;201;0;0;PROV201;
202;202;0;0;PROV202;
203;203;0;0;PROV203;
204;204;0;0;PROV204;
205;205;0;0;PROV205;
206;206;0;0;PROV206;
207;207;0;0;PROV207;
208;208;0;0;PROV208;
209;209;0;0;PROV209;
210;210;0;0;PROV210;
211;211;0;0;PROV211;
212;212;0;0;PROV212;
213;213;0;0;PROV213;
214;214;0;0;PROV214;
215;215;0;0;PROV215;
216;216;0;0;PROV216;
217;217;0;0;PROV217;
218;218;0;0;PROV218;
219;219;0;0;PROV219;
220;220;0;0;PROV220;
221;221;0;0;PROV221;
222;222;0;0;PROV222;
223;223;0;0;PROV223;
224;224;0;0;PROV224;
225;225;0;0;PROV225;
226;226;0;0;PROV226;
227;227;0;0;PROV227;
228;228;0;0;PROV228;
229;229;0;0;PROV229;
230;230;0;0;PROV230;
231;231;0;0;PROV231;
232;232;0;0;PROV232;
233;233;0;0;PROV233;
234;234;0;0;PROV234;
235;235;0;0;PROV235;
236;236;0;0;PROV236;
237;237;0;0;PROV237;
238;238;0;0;PROV238;
239;239;0;0;PROV239;
240;240;0;0;PROV240;
241;241;0;0;PROV241;
242;242;0;0;PROV242;
243;243;0;0;PROV243;
244;244;0;0;PROV244;
245;245;0;0;PROV245;
246;246;0;0;PROV246;
247;247;0;0;PROV247;
248;248;0;0;PROV248;
249;249;0;0;PROV249;
250;250;0;0;PROV250;
251;251;0;0;PROV251;
252;252;0;0;PROV252;
253;253;0;0;PROV253;
254;254;0;0;PROV254;
255;255;0;0;PROV255;
256;0;1;0;PROV256;
257;1;1;0;PROV257;
258;2;1;0;PROV258;
259;3;1;0;PROV259;
260;4;1;0;PROV260;
261;5;1;0;PROV261;
262;6;1;0;PROV262;
263;7;1;0;PROV263;
264;8;1;0;PROV264;
